[{"id":1,"pasosDiarios":8500,"caloriasQuemadas":320,"horasSueno":7,"ritmoCardiaco":72},{"id":2,"pasosDiarios":12000,"caloriasQuemadas":450,"horasSueno":8,"ritmoCardiaco":65},{"id":4,"pasosDiarios":6500,"caloriasQuemadas":280,"horasSueno":6,"ritmoCardiaco":78},{"id":5,"pasosDiarios":15000,"caloriasQuemadas":520,"horasSueno":7,"ritmoCardiaco":70},{"id":7,"pasosDiarios":9000,"caloriasQuemadas":360,"horasSueno":8,"ritmoCardiaco":68},{"id":9,"pasosDiarios":11000,"caloriasQuemadas":410,"horasSueno":6,"ritmoCardiaco":75},{"id":10,"pasosDiarios":5000,"caloriasQuemadas":230,"horasSueno":7,"ritmoCardiaco":80},{"id":12,"pasosDiarios":14000,"caloriasQuemadas":500,"horasSueno":8,"ritmoCardiaco":62},{"id":13,"pasosDiarios":3000,"caloriasQuemadas":150,"horasSueno":5,"ritmoCardiaco":85},{"id":15,"pasosDiarios":9500,"caloriasQuemadas":340,"horasSueno":6,"ritmoCardiaco":76},{"id":16,"pasosDiarios":7800,"caloriasQuemadas":295,"horasSueno":7,"ritmoCardiaco":74},{"id":18,"pasosDiarios":16000,"caloriasQuemadas":560,"horasSueno":7,"ritmoCardiaco":68},{"id":19,"pasosDiarios":10500,"caloriasQuemadas":390,"horasSueno":8,"ritmoCardiaco":66},{"id":21,"pasosDiarios":7000,"caloriasQuemadas":270,"horasSueno":6,"ritmoCardiaco":82},{"id":22,"pasosDiarios":13000,"caloriasQuemadas":480,"horasSueno":7,"ritmoCardiaco":71},{"id":23,"pasosDiarios":4000,"caloriasQuemadas":200,"horasSueno":6,"ritmoCardiaco":83},{"id":25,"pasosDiarios":8500,"caloriasQuemadas":310,"horasSueno":8,"ritmoCardiaco":69},{"id":27,"pasosDiarios":18000,"caloriasQuemadas":630,"horasSueno":7,"ritmoCardiaco":64},{"id":28,"pasosDiarios":9500,"caloriasQuemadas":350,"horasSueno":7,"ritmoCardiaco":73},{"id":29,"pasosDiarios":12000,"caloriasQuemadas":420,"horasSueno":6,"ritmoCardiaco":77},{"id":31,"pasosDiarios":3000,"caloriasQuemadas":140,"horasSueno":5,"ritmoCardiaco":88},{"id":32,"pasosDiarios":14000,"caloriasQuemadas":500,"horasSueno":7,"ritmoCardiaco":70},{"id":34,"pasosDiarios":5000,"caloriasQuemadas":220,"horasSueno":6,"ritmoCardiaco":81},{"id":35,"pasosDiarios":12500,"caloriasQuemadas":430,"horasSueno":8,"ritmoCardiaco":67},{"id":37,"pasosDiarios":9000,"caloriasQuemadas":330,"horasSueno":7,"ritmoCardiaco":74},{"id":38,"pasosDiarios":16000,"caloriasQuemadas":550,"horasSueno":8,"ritmoCardiaco":63},{"id":40,"pasosDiarios":7000,"caloriasQuemadas":260,"horasSueno":6,"ritmoCardiaco":79},{"id":41,"pasosDiarios":15000,"caloriasQuemadas":510,"horasSueno":7,"ritmoCardiaco":65},{"id":43,"pasosDiarios":8500,"caloriasQuemadas":300,"horasSueno":6,"ritmoCardiaco":80},{"id":44,"pasosDiarios":9500,"caloriasQuemadas":340,"horasSueno":7,"ritmoCardiaco":72},{"id":46,"pasosDiarios":6000,"caloriasQuemadas":250,"horasSueno":6,"ritmoCardiaco":82},{"id":47,"pasosDiarios":13500,"caloriasQuemadas":470,"horasSueno":8,"ritmoCardiaco":66},{"id":48,"pasosDiarios":7500,"caloriasQuemadas":290,"horasSueno":7,"ritmoCardiaco":77},{"id":50,"pasosDiarios":14500,"caloriasQuemadas":520,"horasSueno":7,"ritmoCardiaco":68},{"id":52,"pasosDiarios":5000,"caloriasQuemadas":200,"horasSueno":6,"ritmoCardiaco":85},{"id":53,"pasosDiarios":11000,"caloriasQuemadas":400,"horasSueno":8,"ritmoCardiaco":70},{"id":55,"pasosDiarios":12500,"caloriasQuemadas":460,"horasSueno":6,"ritmoCardiaco":73},{"id":56,"pasosDiarios":9000,"caloriasQuemadas":330,"horasSueno":7,"ritmoCardiaco":71},{"id":57,"pasosDiarios":14000,"caloriasQuemadas":510,"horasSueno":7,"ritmoCardiaco":69},{"id":59,"pasosDiarios":10000,"caloriasQuemadas":380,"horasSueno":8,"ritmoCardiaco":67},{"id":60,"pasosDiarios":4500,"caloriasQuemadas":180,"horasSueno":6,"ritmoCardiaco":86},{"id":62,"pasosDiarios":13000,"caloriasQuemadas":480,"horasSueno":8,"ritmoCardiaco":65},{"id":63,"pasosDiarios":7000,"caloriasQuemadas":260,"horasSueno":6,"ritmoCardiaco":78},{"id":65,"pasosDiarios":15000,"caloriasQuemadas":540,"horasSueno":7,"ritmoCardiaco":66},{"id":66,"pasosDiarios":8500,"caloriasQuemadas":320,"horasSueno":7,"ritmoCardiaco":74},{"id":68,"pasosDiarios":12000,"caloriasQuemadas":430,"horasSueno":7,"ritmoCardiaco":72},{"id":69,"pasosDiarios":9000,"caloriasQuemadas":350,"horasSueno":6,"ritmoCardiaco":80},{"id":71,"pasosDiarios":11000,"caloriasQuemadas":410,"horasSueno":8,"ritmoCardiaco":64},{"id":73,"pasosDiarios":6000,"caloriasQuemadas":240,"horasSueno":6,"ritmoCardiaco":83},{"id":74,"pasosDiarios":16000,"caloriasQuemadas":550,"horasSueno":8,"ritmoCardiaco":62},{"id":75,"pasosDiarios":10000,"caloriasQuemadas":390,"horasSueno":7,"ritmoCardiaco":70}]